<?xml version="1.0" encoding="UTF-8"?>
<project-private xmlns="http://www.netbeans.org/ns/project-private/1">
    <editor-bookmarks xmlns="http://www.netbeans.org/ns/editor-bookmarks/2" lastBookmarkId="0"/>
    <open-files xmlns="http://www.netbeans.org/ns/projectui-open-files/2">
        <group>
            <file>file:/C:/Users/laboratorio/Documents/NetBeansProjects/CRUD-MVC-Java/CRUD-MVC-Java/src/crudmvc/view/ViewMenu.java</file>
            <file>file:/C:/Users/laboratorio/Documents/NetBeansProjects/CRUD-MVC-Java/CRUD-MVC-Java/src/crudmvc/view/Main.java</file>
            <file>file:/C:/Users/laboratorio/Documents/NetBeansProjects/CRUD-MVC-Java/CRUD-MVC-Java/src/crudmvc/model/Conexao.java</file>
            <file>file:/C:/Users/laboratorio/Documents/NetBeansProjects/CRUD-MVC-Java/CRUD-MVC-Java/src/crudmvc/model/Login.java</file>
            <file>file:/C:/Users/laboratorio/Documents/NetBeansProjects/CRUD-MVC-Java/CRUD-MVC-Java/src/crudmvc/model/Usuario.java</file>
            <file>file:/C:/Users/laboratorio/Documents/NetBeansProjects/CRUD-MVC-Java/CRUD-MVC-Java/src/crudmvc/model/UsuarioDao.java</file>
        </group>
    </open-files>
</project-private>
